en,fr,it,de,es,ko,kana,pt
—,Coup de Bourse,-,-,—,-,―,—
Stench,Puanteur,Tanfo,Duftnote,Hedor,악취,あくしゅう,Stench
Drizzle,Crachin,Piovischio,Niesel,Llovizna,잔비,あめふらし,Drizzle
Speed Boost,Turbo,Acceleratore,Temposchub,Impulso,가속,かそく,Speed Boost
Battle Armor,Armurbaston,Lottascudo,Kampfpanzer,Armadura Batalla,전투무장,カブトアーマー,Battle Armor
Sturdy,Fermeté,Vigore,Robustheit,Robustez,옹골참,がんじょう,Sturdy
Damp,Moiteur,Umidità,Feuchtigkeit,Humedad,습기,しめりけ,Damp
Limber,Échauffement,Scioltezza,Flexibilität,Flexibilidad,유연,じゅうなん,Limber
Sand Veil,Voile Sable,Sabbiavelo,Sandschleier,Velo Arena,모래숨기,すながくれ,Sand Veil
Static,Statik,Statico,Statik,Elec. Estática,정전기,せいでんき,Static
Volt Absorb,Absorbe-Volt,Assorbivolt,Voltabsorber,Absorbe Elec,축전,ちくでん,Volt Absorb
Water Absorb,Absorbe-Eau,Assorbacqua,H2O-Absorber,Absorbe Agua,저수,ちょすい,Water Absorb
Oblivious,Benêt,Indifferenza,Dösigkeit,Despiste,둔감,どんかん,Oblivious
Cloud Nine,Ciel Gris,Antimeteo,Wolke Sieben,Aclimatación,날씨부정,ノーてんき,Cloud Nine
Compound Eyes,Œil Composé,Insettocchi,Facettenauge,Ojo Compuesto,복안,ふくがん,Compound Eyes
Insomnia,Insomnia,Insonnia,Insomnia,Insomnio,불면,ふみん,Insomnia
Color Change,Homochromie,Cambiacolore,Farbwechsel,Cambio Color,변색,へんしょく,Color Change
Immunity,Vaccin,Immunità,Immunität,Inmunidad,면역,めんえき,Immunity
Flash Fire,Torche,Fuocardore,Feuerfänger,Absorbe Fuego,타오르는불꽃,もらいび,Flash Fire
Shield Dust,Écran Poudre,Polvoscudo,Puderabwehr,Polvo Escudo,인분,りんぷん,Shield Dust
Own Tempo,Tempo Perso,Mente Locale,Tempomacher,Ritmo Propio,마이페이스,マイペース,Own Tempo
Suction Cups,Ventouse,Ventose,Saugnapf,Ventosas,흡반,きゅうばん,Suction Cups
Intimidate,Intimidation,Prepotenza,Bedroher,Intimidación,위협,いかく,Intimidate
Shadow Tag,Marque Ombre,Pedinombra,Wegsperre,Sombra Trampa,그림자밟기,かげふみ,Shadow Tag
Rough Skin,Peau Dure,Cartavetro,Rauhaut,Piel Tosca,까칠한피부,さめはだ,Rough Skin
Wonder Guard,Garde Mystik,Magidifesa,Wunderwache,Superguarda,불가사의부적,ふしぎなまもり,Wonder Guard
Levitate,Lévitation,Levitazione,Schwebe,Levitación,부유,ふゆう,Levitate
Effect Spore,Pose Spore,Spargispora,Sporenwirt,Efecto Espora,포자,ほうし,Effect Spore
Synchronize,Synchro,Sincronismo,Synchro,Sincronía,싱크로,シンクロ,Synchronize
Clear Body,Corps Sain,Corpochiaro,Neutraltorso,Cuerpo Puro,클리어바디,クリアボディ,Clear Body
Natural Cure,Médic Nature,Alternacura,Innere Kraft,Cura Natural,자연회복,しぜんかいふく,Natural Cure
Lightning Rod,Paratonnerre,Parafulmine,Blitzfänger,Pararrayos,피뢰침,ひらいしん,Lightning Rod
Serene Grace,Sérénité,Leggiadro,Edelmut,Dicha,하늘의은총,てんのめぐみ,Serene Grace
Swift Swim,Glissade,Nuotovelox,Wassertempo,Nado Rápido,쓱쓱,すいすい,Swift Swim
Chlorophyll,Chlorophylle,Clorofilla,Chlorophyll,Clorofila,엽록소,ようりょくそ,Chlorophyll
Illuminate,Lumiattirance,Risplendi,Erleuchtung,Iluminación,발광,はっこう,Illuminate
Trace,Calque,Traccia,Erfassen,Rastro,트레이스,トレース,Trace
Huge Power,Coloforce,Macroforza,Kraftkoloss,Potencia,천하장사,ちからもち,Huge Power
Poison Point,Point Poison,Velenopunto,Giftdorn,Punto Tóxico,독가시,どくのトゲ,Poison Point
Inner Focus,Attention,Forza Interiore,Konzentrator,Foco Interno,정신력,せいしんりょく,Inner Focus
Magma Armor,Armumagma,Magmascudo,Magmapanzer,Escudo Magma,마그마의무장,マグマのよろい,Magma Armor
Water Veil,Ignifu-Voile,Idrovelo,Aquahülle,Velo Agua,수의베일,みずのベール,Water Veil
Magnet Pull,Magnépiège,Magnetismo,Magnetfalle,Imán,자력,じりょく,Magnet Pull
Soundproof,Anti-Bruit,Antisuono,Lärmschutz,Insonorizar,방음,ぼうおん,Soundproof
Rain Dish,Cuvette,Copripioggia,Regengenuss,Cura Lluvia,젖은접시,あめうけざら,Rain Dish
Sand Stream,Sable Volant,Sabbiafiume,Sandsturm,Chorro Arena,모래날림,すなおこし,Sand Stream
Pressure,Pression,Pressione,Erzwinger,Presión,프레셔,プレッシャー,Pressure
Thick Fat,Isograisse,Grassospesso,Speckschicht,Sebo,두꺼운지방,あついしぼう,Thick Fat
Early Bird,Matinal,Sveglialampo,Frühwecker,Madrugar,일찍기상,はやおき,Early Bird
Flame Body,Corps Ardent,Corpodifuoco,Flammkörper,Cuerpo Llama,불꽃몸,ほのおのからだ,Flame Body
Run Away,Fuite,Fugafacile,Angsthase,Fuga,도주,にげあし,Run Away
Keen Eye,Regard Vif,Sguardofermo,Adlerauge,Vista Lince,날카로운눈,するどいめ,Keen Eye
Hyper Cutter,Hyper Cutter,Ipertaglio,Scherenmacht,Corte Fuerte,괴력집게,かいりきバサミ,Hyper Cutter
Pickup,Ramassage,Raccolta,Mitnahme,Recogida,픽업,ものひろい,Pickup
Truant,Absentéisme,Pigrone,Schnarchnase,Ausente,게으름,なまけ,Truant
Hustle,Agitation,Tuttafretta,Übereifer,Entusiasmo,의욕,はりきり,Hustle
Cute Charm,Joli Sourire,Incantevole,Charmebolzen,Gran Encanto,헤롱헤롱바디,メロメロボディ,Cute Charm
Plus,Plus,Più,Plus,Más,플러스,プラス,Plus
Minus,Moins,Meno,Minus,Menos,마이너스,マイナス,Minus
Forecast,Météo,Previsioni,Prognose,Predicción,기분파,てんきや,Forecast
Sticky Hold,Glu,Antifurto,Klebekörper,Viscosidad,점착,ねんちゃく,Sticky Hold
Shed Skin,Mue,Muta,Expidermis,Mudar,탈피,だっぴ,Shed Skin
Guts,Cran,Dentistretti,Adrenalin,Agallas,근성,こんじょう,Guts
Marvel Scale,Écaille Spéciale,Pelledura,Notschutz,Escama Especial,이상한비늘,ふしぎなうろこ,Marvel Scale
Liquid Ooze,Suintement,Melma,Kloakensoße,Lodo Líquido,해감액,ヘドロえき,Liquid Ooze
Overgrow,Engrais,Erbaiuto,Notdünger,Espesura,심록,しんりょく,Overgrow
Blaze,Brasier,Aiutofuoco,Großbrand,Mar Llamas,맹화,もうか,Blaze
Torrent,Torrent,Acquaiuto,Sturzbach,Torrente,급류,げきりゅう,Torrent
Swarm,Essaim,Aiutinsetto,Hexaplaga,Enjambre,벌레의알림,むしのしらせ,Swarm
Rock Head,Tête de Roc,Testadura,Steinhaupt,Cabeza Roca,돌머리,いしあたま,Rock Head
Drought,Sécheresse,Siccità,Dürre,Sequía,가뭄,ひでり,Drought
Arena Trap,Piège Sable,Trappoarena,Ausweglos,Trampa Arena,개미지옥,ありじごく,Arena Trap
Vital Spirit,Esprit Vital,Spiritovivo,Munterkeit,Espíritu Vital,의기양양,やるき,Vital Spirit
White Smoke,Écran Fumée,Fumochiaro,Pulverrauch,Humo Blanco,하얀연기,しろいけむり,White Smoke
Pure Power,Force Pure,Forzapura,Mentalkraft,Energía Pura,순수한힘,ヨガパワー,Pure Power
Shell Armor,Coque Armure,Guscioscudo,Panzerhaut,Caparazón,조가비갑옷,シェルアーマー,Shell Armor
Air Lock,Air Lock,Riparo,Klimaschutz,Bucle Aire,에어록,エアロック,Air Lock
Tangled Feet,Pieds Confus,Intricopiedi,Fußangel,Tumbos,갈지자걸음,ちどりあし,Tangled Feet
Motor Drive,Motorisé,Elettrorapid,Starthilfe,Electromotor,전기엔진,でんきエンジン,Motor Drive
Rivalry,Rivalité,Antagonismo,Rivalität,Rivalidad,투쟁심,とうそうしん,Rivalry
Steadfast,Impassible,Cuordeciso,Felsenfest,Impasible,불굴의마음,ふくつのこころ,Steadfast
Snow Cloak,Rideau Neige,Mantelneve,Schneemantel,Manto Níveo,눈숨기,ゆきがくれ,Snow Cloak
Gluttony,Gloutonnerie,Voracità,Völlerei,Gula,먹보,くいしんぼう,Gluttony
Anger Point,Colérique,Grancollera,Kurzschluss,Irascible,분노의경혈,いかりのつぼ,Anger Point
Unburden,Délestage,Agiltecnica,Entlastung,Liviano,곡예,かるわざ,Unburden
Heatproof,Ignifugé,Antifuoco,Hitzeschutz,Ignífugo,내열,たいねつ,Heatproof
Simple,Simple,Disinvoltura,Wankelmut,Simple,단순,たんじゅん,Simple
Dry Skin,Peau Sèche,Pellearsa,Trockenheit,Piel Seca,건조피부,かんそうはだ,Dry Skin
Download,Télécharge,Download,Download,Descarga,다운로드,ダウンロード,Download
Iron Fist,Poing de Fer,Ferropugno,Eisenfaust,Puño Férreo,철주먹,てつのこぶし,Iron Fist
Poison Heal,Soin Poison,Velencura,Aufheber,Antídoto,포이즌힐,ポイズンヒール,Poison Heal
Adaptability,Adaptabilité,Adattabilità,Anpassung,Adaptable,적응력,てきおうりょく,Adaptability
Skill Link,Multi-Coups,Abillegame,Wertelink,Encadenado,스킬링크,スキルリンク,Skill Link
Hydration,Hydratation,Idratazione,Hydration,Hidratación,촉촉바디,うるおいボディ,Hydration
Solar Power,Force Soleil,Solarpotere,Solarkraft,Poder Solar,선파워,サンパワー,Solar Power
Quick Feet,Pied Véloce,Piedisvelti,Rasanz,Pies Rápidos,속보,はやあし,Quick Feet
Normalize,Normalise,Normalità,Regulierung,Normalidad,노말스킨,ノーマルスキン,Normalize
Sniper,Sniper,Cecchino,Superschütze,Francotirador,스나이퍼,スナイパー,Sniper
Magic Guard,Garde Magik,Magicscudo,Magieschild,Muro Mágico,매직가드,マジックガード,Magic Guard
No Guard,Annule Garde,Nullodifesa,Schildlos,Indefenso,노가드,ノーガード,No Guard
Stall,Frein,Rallentatore,Zeitspiel,Rezagado,시간벌기,あとだし,Stall
Technician,Technicien,Tecnico,Techniker,Experto,테크니션,テクニシャン,Technician
Leaf Guard,Feuille Garde,Fogliamanto,Floraschild,Defensa Hoja,리프가드,リーフガード,Leaf Guard
Klutz,Maladresse,Impaccio,Tollpatsch,Zoquete,서투름,ぶきよう,Klutz
Mold Breaker,Brise Moule,Rompiforma,Überbrückung,Rompemoldes,틀깨기,かたやぶり,Mold Breaker
Super Luck,Chanceux,Supersorte,Glückspilz,Afortunado,대운,きょううん,Super Luck
Aftermath,Boom Final,Scoppio,Finalschlag,Detonación,유폭,ゆうばく,Aftermath
Anticipation,Anticipation,Presagio,Vorahnung,Anticipación,위험예지,きけんよち,Anticipation
Forewarn,Prédiction,Premonizione,Vorwarnung,Alerta,예지몽,よちむ,Forewarn
Unaware,Inconscient,Imprudenza,Unkenntnis,Ignorante,천진,てんねん,Unaware
Tinted Lens,Lentiteintée,Lentifumé,Aufwertung,Cromolente,색안경,いろめがね,Tinted Lens
Filter,Filtre,Filtro,Filter,Filtro,필터,フィルター,Filter
Slow Start,Début Calme,Lentoinizio,Saumselig,Inicio Lento,슬로스타트,スロースタート,Slow Start
Scrappy,Querelleur,Nervisaldi,Rauflust,Intrépido,배짱,きもったま,Scrappy
Storm Drain,Lavabo,Acquascolo,Sturmsog,Colector,마중물,よびみず,Storm Drain
Ice Body,Corps Gel,Corpogelo,Eishaut,Gélido,아이스바디,アイスボディ,Ice Body
Solid Rock,Solide Roc,Solidroccia,Felskern,Roca Sólida,하드록,ハードロック,Solid Rock
Snow Warning,Alerte Neige,Scendineve,Hagelalarm,Nevada,눈퍼뜨리기,ゆきふらし,Snow Warning
Honey Gather,Cherche Miel,Mielincetta,Honigmaul,Recogemiel,꿀모으기,みつあつめ,Honey Gather
Frisk,Fouille,Indagine,Schnüffler,Cacheo,통찰,おみとおし,Frisk
Reckless,Téméraire,Temerarietà,Achtlos,Audaz,이판사판,すてみ,Reckless
Multitype,Multi-Type,Multitipo,Variabilität,Multitipo,멀티타입,マルチタイプ,Multitype
Flower Gift,Don Floral,Regalfiore,Pflanzengabe,Don Floral,플라워기프트,フラワーギフト,Flower Gift
Bad Dreams,Mauvais Rêve,Sogniamari,Alptraum,Mal Sueño,나이트메어,ナイトメア,Bad Dreams
Pickpocket,Pickpocket,Arraffalesto,Langfinger,Hurto,나쁜손버릇,わるいてぐせ,Pickpocket
Sheer Force,Sans Limite,Forzabruta,Rohe Gewalt,Potencia Bruta,우격다짐,ちからずく,Sheer Force
Contrary,Contestation,Inversione,Umkehrung,Respondón,심술꾸러기,あまのじゃく,Contrary
Unnerve,Tension,Agitazione,Anspannung,Nerviosismo,긴장감,きんちょうかん,Unnerve
Defiant,Acharné,Agonismo,Siegeswille,Competitivo,오기,まけんき,Defiant
Defeatist,Défaitiste,Sconforto,Schwächling,Flaqueza,무기력,よわき,Defeatist
Cursed Body,Corps Maudit,Corpofunesto,Tastfluch,Cuerpo Maldito,저주받은바디,のろわれボディ,Cursed Body
Healer,Cœur Soin,Curacuore,Heilherz,Alma Cura,치유의마음,いやしのこころ,Healer
Friend Guard,Garde-Ami,Amicoscudo,Freundeshut,Compiescolta,프렌드가드,フレンドガード,Friend Guard
Weak Armor,Armurouillée,Sottilguscio,Bruchrüstung,Armadura Frágil,깨어진갑옷,くだけるよろい,Weak Armor
Heavy Metal,Heavy Metal,Metalpesante,Schwermetall,Metal Pesado,헤비메탈,ヘヴィメタル,Heavy Metal
Light Metal,Light Metal,Metalleggero,Leichtmetall,Metal Liviano,라이트메탈,ライトメタル,Light Metal
Multiscale,Multiécaille,Multisquame,Multischuppe,Multiescamas,멀티스케일,マルチスケイル,Multiscale
Toxic Boost,Rage Poison,Velenimpeto,Giftwahn,Ímpetu Tóxico,독폭주,どくぼうそう,Toxic Boost
Flare Boost,Rage Brûlure,Bruciaimpeto,Hitzewahn,Ímpetu Ardiente,열폭주,ねつぼうそう,Flare Boost
Harvest,Récolte,Coglibacche,Reiche Ernte,Cosecha,수확,しゅうかく,Harvest
Telepathy,Télépathe,Telepatia,Telepathie,Telepatía,텔레파시,テレパシー,Telepathy
Moody,Lunatique,Altalena,Gefühlswippe,Veleta,변덕쟁이,ムラっけ,Moody
Overcoat,Envelocape,Copricapo,Partikelschutz,Funda,방진,ぼうじん,Overcoat
Poison Touch,Toxitouche,Velentocco,Giftgriff,Toque Tóxico,독수,どくしゅ,Poison Touch
Regenerator,Régé-Force,Rigenergia,Belebekraft,Regeneración,재생력,さいせいりょく,Regenerator
Big Pecks,Cœur de Coq,Pettinfuori,Brustbieter,Sacapecho,부풀린가슴,はとむね,Big Pecks
Sand Rush,Baigne Sable,Remasabbia,Sandscharrer,Ímpetu Arena,모래헤치기,すなかき,Sand Rush
Wonder Skin,Peau Miracle,Splendicute,Wunderhaut,Piel Milagro,미라클스킨,ミラクルスキン,Wonder Skin
Analytic,Analyste,Ponderazione,Analyse,Cálculo Final,애널라이즈,アナライズ,Analytic
Illusion,Illusion,Illusione,Trugbild,Ilusión,일루전,イリュージョン,Illusion
Imposter,Imposteur,Sosia,Doppelgänger,Impostor,괴짜,かわりもの,Imposter
Infiltrator,Infiltration,Intrapasso,Schwebedurch,Allanamiento,틈새포착,すりぬけ,Infiltrator
Mummy,Momie,Mummia,Mumie,Momia,미라,ミイラ,Mummy
Moxie,Impudence,Arroganza,Hochmut,Autoestima,자기과신,じしんかじょう,Moxie
Justified,Cœur Noble,Giustizia,Redlichkeit,Justiciero,정의의마음,せいぎのこころ,Justified
Rattled,Phobique,Paura,Hasenfuß,Cobardía,주눅,びびり,Rattled
Magic Bounce,Miroir Magik,Magispecchio,Magiespiegel,Espejo Mágico,매직미러,マジックミラー,Magic Bounce
Sap Sipper,Herbivore,Mangiaerba,Vegetarier,Herbívoro,초식,そうしょく,Sap Sipper
Prankster,Farceur,Burla,Strolch,Bromista,짓궂은마음,いたずらごころ,Prankster
Sand Force,Force Sable,Silicoforza,Sandgewalt,Poder Arena,모래의힘,すなのちから,Sand Force
Iron Barbs,Épine de Fer,Spineferrate,Eisenstachel,Punta Acero,철가시,てつのトゲ,Iron Barbs
Zen Mode,Mode Transe,Stato Zen,Trance-Modus,Modo Daruma,달마모드,ダルマモード,Zen Mode
Victory Star,Victorieux,Vittorstella,Triumphstern,Tinovictoria,승리의별,しょうりのほし,Victory Star
Turboblaze,Turbo Brasier,Piroturbina,Turbobrand,Turbollama,터보블레이즈,ターボブレイズ,Turboblaze
Teravolt,Téra-Voltage,Teravolt,Teravolt,Terravoltaje,테라볼티지,テラボルテージ,Teravolt
Aroma Veil,Aroma-Voile,Aromavelo,Dufthülle,Velo Aroma,아로마베일,アロマベール,Aroma Veil
Flower Veil,Flora-Voile,Fiorvelo,Blütenhülle,Velo Flor,플라워베일,フラワーベール,Flower Veil
Cheek Pouch,Bajoues,Guancegonfie,Backentaschen,Carrillo,볼주머니,ほおぶくろ,Cheek Pouch
Protean,Protéen,Mutatipo,Wandlungskunst,Mutatipo,변환자재,へんげんじざい,Protean
Fur Coat,Toison Épaisse,Foltopelo,Fellkleid,Pelaje Recio,퍼코트,ファーコート,Fur Coat
Magician,Magicien,Prestigiatore,Zauberer,Prestidigitador,매지션,マジシャン,Magician
Bulletproof,Pare-Balles,Antiproiettile,Kugelsicher,Antibalas,방탄,ぼうだん,Bulletproof
Competitive,Battant,Tenacia,Unbeugsamkeit,Tenacidad,승기,かちき,Competitive
Strong Jaw,Prognathe,Ferromascella,Titankiefer,Mandíbula Fuerte,옹골찬턱,がんじょうあご,Strong Jaw
Refrigerate,Peau Gelée,Pellegelo,Frostschicht,Piel Helada,프리즈스킨,フリーズスキン,Refrigerate
Sweet Veil,Gluco-Voile,Dolcevelo,Zuckerhülle,Velo Dulce,스위트베일,スイートベール,Sweet Veil
Stance Change,Déclic Tactique,Accendilotta,Taktikwechsel,Cambio Táctico,배틀스위치,バトルスイッチ,Stance Change
Gale Wings,Ailes Bourrasque,Aliraffica,Orkanschwingen,Alas Vendaval,질풍날개,はやてのつばさ,Gale Wings
Mega Launcher,Méga Blaster,Megalancio,Megawumme,Megadisparador,메가런처,メガランチャー,Mega Launcher
Grass Pelt,Toison Herbue,Peloderba,Pflanzenpelz,Manto Frondoso,풀모피,くさのけがわ,Grass Pelt
Symbiosis,Symbiose,Simbiosi,Nutznießer,Simbiosis,공생,きょうせい,Symbiosis
Tough Claws,Griffe Dure,Unghiedure,Krallenwucht,Garra Dura,단단한발톱,かたいツメ,Tough Claws
Pixilate,Peau Féérique,Pellefolletto,Feenschicht,Piel Feérica,페어리스킨,フェアリースキン,Pixilate
Gooey,Poisseux,Viscosità,Viskosität,Baba,미끈미끈,ぬめぬめ,Gooey
Aerilate,Peau Céleste,Pellecielo,Zenithaut,Piel Celeste,스카이스킨,スカイスキン,Aerilate
Parental Bond,Amour Filial,Amorefiliale,Familienbande,Amor Filial,부자유친,おやこあい,Parental Bond
Dark Aura,Aura Ténébreuse,Auratetra,Dunkelaura,Aura Oscura,다크오라,ダークオーラ,Dark Aura
Fairy Aura,Aura Féérique,Aurafolletto,Feenaura,Aura Feérica,페어리오라,フェアリーオーラ,Fairy Aura
Aura Break,Aura Inversée,Frangiaura,Aura-Umkehr,Rompeaura,오라브레이크,オーラブレイク,Aura Break
Primordial Sea,Mer Primaire,Mare Primordiale,Urmeer,Mar del Albor,시작의바다,はじまりのうみ,Primordial Sea
Desolate Land,Terre Finale,Terra Estrema,Endland,Tierra del Ocaso,끝의대지,おわりのだいち,Desolate Land
Delta Stream,Souffle Delta,Flusso Delta,Delta-Wind,Ráfaga Delta,델타스트림,デルタストリーム,Delta Stream
Stamina,Endurance,Sopportazione,Zähigkeit,Firmeza,지구력,じきゅうりょく,Stamina
Wimp Out,Escampette,Fuggifuggi,Reißaus,Huida,도망태세,にげごし,Wimp Out
Emergency Exit,Repli Tactique,Passoindietro,Rückzug,Retirada,위기회피,ききかいひ,Emergency Exit
Water Compaction,Sable Humide,Idrorinforzo,Verklumpen,Hidrorrefuerzo,꾸덕꾸덕굳기,みずがため,Water Compaction
Merciless,Cruauté,Spietatezza,Quälerei,Ensañamiento,무도한행동,ひとでなし,Merciless
Shields Down,Bouclier-Carcan,Scudosoglia,Limitschild,Escudo Limitado,리밋실드,リミットシールド,Shields Down
Stakeout,Filature,Sorveglianza,Beschattung,Vigilante,잠복,はりこみ,Stakeout
Water Bubble,Aquabulle,Bolladacqua,Wasserblase,Pompa,수포,すいほう,Water Bubble
Steelworker,Expert Acier,Tempracciaio,Stahlprofi,Acero Templado,강철술사,はがねつかい,Steelworker
Berserk,Dracolère,Furore,Wutausbruch,Cólera,발끈,ぎゃくじょう,Berserk
Slush Rush,Chasse-Neige,Spalaneve,Schneescharrer,Quitanieves,눈치우기,ゆきかき,Slush Rush
Long Reach,Longue Portée,Distacco,Langstrecke,Remoto,원격,えんかく,Long Reach
Liquid Voice,Hydrata-Son,Idrovoce,Plätscherstimme,Voz Fluida,촉촉보이스,うるおいボイス,Liquid Voice
Triage,Prioguérison,Primacura,Heilwandel,Primer Auxilio,힐링시프트,ヒーリングシフト,Triage
Galvanize,Peau Électrique,Pellelettro,Elektrohaut,Piel Eléctrica,일렉트릭스킨,エレキスキン,Galvanize
Surge Surfer,Surf Caudal,Codasurf,Surf-Schweif,Cola Surf,서핑테일,サーフテール,Surge Surfer
Schooling,Banc,Banco,Fischschwarm,Banco,어군,ぎょぐん,Schooling
Disguise,Fantômasque,Fantasmanto,Kostümspuk,Disfraz,탈,ばけのかわ,Disguise
Battle Bond,Synergie,Morfosintonia,Freundschaftsakt,Fuerte Afecto,유대변화,きずなへんげ,Battle Bond
Power Construct,Rassemblement,Sciamefusione,Scharwandel,Agrupamiento,스웜체인지,スワームチェンジ,Power Construct
Corrosion,Corrosion,Corrosione,Korrosion,Corrosión,부식,ふしょく,Corrosion
Comatose,Hypersommeil,Sonno Assoluto,Dauerschlaf,Letargo Perenne,절대안깸,ぜったいねむり,Comatose
Queenly Majesty,Prestance Royale,Regalità,Majestät,Regia Presencia,여왕의위엄,じょおうのいげん,Queenly Majesty
Innards Out,Expuls’Organes,Espellinterno,Magenkrempler,Revés,내용물분출,とびだすなかみ,Innards Out
Dancer,Danseur,Sincrodanza,Tänzer,Pareja de Baile,무희,おどりこ,Dancer
Battery,Batterie,Batteria,Batterie,Batería,배터리,バッテリー,Battery
Fluffy,Boule de Poils,Morbidone,Flauschigkeit,Peluche,복슬복슬,もふもふ,Fluffy
Dazzling,Corps Coloré,Corposgargiante,Buntkörper,Cuerpo Vívido,비비드바디,ビビッドボディ,Dazzling
Soul-Heart,Animacœur,Cuoreanima,Valanguyenherz,Coránima,소울하트,ソウルハート,Soul-Heart
Tangling Hair,Mèche Rebelle,Boccolidoro,Lockenkopf,Rizos Rebeldes,컬리헤어,カーリーヘアー,Tangling Hair
Receiver,Receveur,Ricezione,Receiver,Receptor,리시버,レシーバー,Receiver
Power of Alchemy,Osmose,Forza Chimica,Chemiekraft,Reacción Química,과학의힘,かがくのちから,Power of Alchemy
Beast Boost,Boost Chimère,Ultraboost,Bestien-Boost,Ultraimpulso,비스트부스트,ビーストブースト,Beast Boost
RKS System,Système Alpha,Sistema Primevo,Alpha-System,Sistema Alfa,AR시스템,ＡＲシステム,RKS System
Electric Surge,Créa-Élec,Elettrogenesi,Elektro-Erzeuger,Electrogénesis,일렉트릭메이커,エレキメイカー,Electric Surge
Psychic Surge,Créa-Psy,Psicogenesi,Psycho-Erzeuger,Psicogénesis,사이코메이커,サイコメイカー,Psychic Surge
Misty Surge,Créa-Brume,Nebbiogenesi,Nebel-Erzeuger,Nebulogénesis,미스트메이커,ミストメイカー,Misty Surge
Grassy Surge,Créa-Herbe,Erbogenesi,Gras-Erzeuger,Herbogénesis,그래스메이커,グラスメイカー,Grassy Surge
Full Metal Body,Métallo-Garde,Metalprotezione,Metallprotektor,Guardia Metálica,메탈프로텍트,メタルプロテクト,Full Metal Body
Shadow Shield,Spectro-Bouclier,Spettroguardia,Phantomschutz,Guardia Espectro,스펙터가드,ファントムガード,Shadow Shield
Prism Armor,Prisme-Armure,Scudoprisma,Prismarüstung,Armadura Prisma,프리즘아머,プリズムアーマー,Prism Armor
Neuroforce,Cérébro-Force,Cerebroforza,Zerebralmacht,Fuerza Cerebral,브레인포스,ブレインフォース,Neuroforce
Intrepid Sword,Lame Indomptable,Spada Indomita,Kühnes Schwert,Espada Indómita,불요의검,ふとうのけん,Intrepid Sword
Dauntless Shield,Égide Inflexible,Scudo Saldo,Wackerer Schild,Escudo Recio,불굴의방패,ふくつのたて,Dauntless Shield
Libero,Libéro,Libero,Libero,Líbero,리베로,リベロ,Libero
Ball Fetch,Ramasse Ball,Raccattapalle,Apport,Recogebolas,볼줍기,たまひろい,Ball Fetch
Cotton Down,Effilochage,Lanugine,Wollflaum,Pelusa,솜털,わたげ,Cotton Down
Propeller Tail,Propulseur,Elicopinna,Schraubflosse,Hélice Caudal,스크루지느러미,スクリューおびれ,Propeller Tail
Mirror Armor,Armure Miroir,Blindospecchio,Spiegelrüstung,Coraza Reflejo,미러아머,ミラーアーマー,Mirror Armor
Gulp Missile,Dégobage,Inghiottimissile,Würggeschoss,Tragamisil,그대로꿀꺽미사일,うのミサイル,Gulp Missile
Stalwart,Nerfs d’Acier,Volontà di Ferro,Stahlrückgrat,Acérrimo,굳건한신념,すじがねいり,Stalwart
Steam Engine,Turbine,Vapormacchina,Dampfantrieb,Combustible,증기기관,じょうききかん,Steam Engine
Punk Rock,Punk Rock,Punk Rock,Punk Rock,Punk Rock,펑크록,パンクロック,Punk Rock
Sand Spit,Expul’Sable,Sputasabbia,Sandspeier,Expulsarena,모래뿜기,すなはき,Sand Spit
Ice Scales,Écailles Glacées,Geloscaglie,Eisflügelstaub,Escama de Hielo,얼음인분,こおりのりんぷん,Ice Scales
Ripen,Mûrissement,Maturazione,Heranreifen,Maduración,숙성,じゅくせい,Ripen
Ice Face,Tête de Gel,Gelofaccia,Tiefkühlkopf,Cara de Hielo,아이스페이스,アイスフェイス,Ice Face
Power Spot,Cercle d’Énergie,Fonte Energetica,Kraftquelle,Fuente Energía,파워스폿,パワースポット,Power Spot
Mimicry,Mimétisme,Mimetismo,Mimese,Mimetismo,의태,ぎたい,Mimicry
Screen Cleaner,Brise-Barrière,Annullabarriere,Hemmungslos,Antibarrera,배리어프리,バリアフリー,Screen Cleaner
Steely Spirit,Boost Acier,Spiritoferreo,Stählerner Wille,Alma Acerada,강철정신,はがねのせいしん,Steely Spirit
Perish Body,Corps Condamné,Ultimotocco,Unheilskörper,Cuerpo Mortal,멸망의바디,ほろびのボディ,Perish Body
Wandering Spirit,Âme Vagabonde,Anima Errante,Rastlose Valanguye,Alma Errante,떠도는영혼,さまようたましい,Wandering Spirit
Gorilla Tactics,Entêtement,Vigorilla,Affenfokus,Monotema,무아지경,ごりむちゅう,Gorilla Tactics
Neutralizing Gas,Gaz Inhibiteur,Gas Reagente,Reaktionsgas,Gas Reactivo,화학변화가스,かがくへんかガス,Neutralizing Gas
Pastel Veil,Voile Pastel,Pastelvelo,Pastellhülle,Velo Pastel,파스텔베일,パステルベール,Pastel Veil
Hunger Switch,Déclic Fringale,Pancialterna,Heißhunger,Mutapetito,꼬르륵스위치,はらぺこスイッチ,Hunger Switch
Quick Draw,Tir Vif,Colpolesto,Schnellschuss,Mano Rápida,퀵드로,クイックドロウ,Quick Draw
Unseen Fist,Poing Invisible,Pugni Invisibili,Verborgene Faust,Puño Invisible,보이지않는주먹,ふかしのこぶし,Unseen Fist
Curious Medicine,Breuvage Suspect,Stranofarmaco,Kuriose Arznei,Medicina Extraña,기묘한약,きみょうなくすり,Curious Medicine
Transistor,Transistor,Transistor,Transistor,Transistor,트랜지스터,トランジスタ,Transistor
Dragon’s Maw,Dent de Dragon,Dragomascelle,Drachenkiefer,Mandíbula Dragón,용의턱,りゅうのあぎと,Dragon’s Maw
Chilling Neigh,Blanche Ruade,Nitrito Bianco,Helles Wiehern,Relincho Blanco,백의울음,しろのいななき,Chilling Neigh
Grim Neigh,Sombre Ruade,Nitrito Nero,Dunkles Wiehern,Relincho Negro,흑의울음,くろのいななき,Grim Neigh
As One,Osmose Équine,Sintonia Equina,Reitgespann,Unidad Ecuestre,혼연일체,じんばいったい,As One
As One,Osmose Équine,Sintonia Equina,Reitgespann,Unidad Ecuestre,혼연일체,じんばいったい,As One
